TDSFU Daily run: Fri Oct 24 06:14:11 UTC 2025 TDSFU
TDSFU Daily run: Sat Oct 25 04:32:41 UTC 2025 TDSFU
TDSFU Daily run: Sun Oct 26 04:32:55 UTC 2025 TDSFU
TDSFU Daily run: Mon Oct 27 04:42:08 UTC 2025 TDSFU
TDSFU Daily run: Tue Oct 28 04:35:15 UTC 2025 TDSFU
TDSFU Daily run: Wed Oct 29 04:40:44 UTC 2025 TDSFU
TDSFU Daily run: Thu Oct 30 04:34:43 UTC 2025 TDSFU
TDSFU Daily run: Fri Oct 31 04:36:55 UTC 2025 TDSFU
TDSFU Daily run: Sat Nov  1 04:32:58 UTC 2025 TDSFU
TDSFU Daily run: Sun Nov  2 04:34:46 UTC 2025 TDSFU
TDSFU Daily run: Mon Nov  3 04:41:24 UTC 2025 TDSFU
